window_number,model_name,trial_number,trial_value,trial_state,optimization_metric
0,xgboost,0,0.5075599164008436,COMPLETE,f1
0,xgboost,1,0.5200901707282622,COMPLETE,f1
0,xgboost,2,0.49363632885504943,COMPLETE,f1
0,xgboost,3,0.28482857539443857,COMPLETE,f1
0,xgboost,4,0.4635593670530383,COMPLETE,f1
0,xgboost,5,0.4846693839991943,COMPLETE,f1
0,xgboost,6,0.28482857539443857,COMPLETE,f1
0,xgboost,7,0.4699290221820686,COMPLETE,f1
0,xgboost,8,0.45928565196523036,COMPLETE,f1
0,xgboost,9,0.28482857539443857,COMPLETE,f1
0,xgboost,10,0.5095637704389456,COMPLETE,f1
0,xgboost,11,0.5160290877752048,COMPLETE,f1
0,xgboost,12,0.5039822219697945,COMPLETE,f1
0,xgboost,13,0.5228447901855382,COMPLETE,f1
0,xgboost,14,0.5222545760589318,COMPLETE,f1
0,xgboost,15,0.5249593740282968,COMPLETE,f1
0,xgboost,16,0.43783232600842115,COMPLETE,f1
0,xgboost,17,0.5309762570448076,COMPLETE,f1
0,xgboost,18,0.47674864802283873,COMPLETE,f1
0,xgboost,19,0.5238590646734848,COMPLETE,f1
0,xgboost,20,0.47806454437174123,COMPLETE,f1
0,xgboost,21,0.5137682206246691,COMPLETE,f1
0,xgboost,22,0.504173986264349,COMPLETE,f1
0,xgboost,23,0.5218426001997187,COMPLETE,f1
0,xgboost,24,0.5212736816636848,COMPLETE,f1
0,lightgbm,0,0.5095751057324036,COMPLETE,f1
0,lightgbm,1,0.28482857539443857,COMPLETE,f1
0,lightgbm,2,0.4749091402462006,COMPLETE,f1
0,lightgbm,3,0.3480624477990047,COMPLETE,f1
0,lightgbm,4,0.501912734814868,COMPLETE,f1
0,lightgbm,5,0.28482857539443857,COMPLETE,f1
0,lightgbm,6,0.5064012801287847,COMPLETE,f1
0,lightgbm,7,0.28482857539443857,COMPLETE,f1
0,lightgbm,8,0.28482857539443857,COMPLETE,f1
0,lightgbm,9,0.4987198339580681,COMPLETE,f1
0,lightgbm,10,0.46409384398413583,COMPLETE,f1
0,lightgbm,11,0.5278517511432558,COMPLETE,f1
0,lightgbm,12,0.5232567291541524,COMPLETE,f1
0,lightgbm,13,0.5237946094679362,COMPLETE,f1
0,lightgbm,14,0.5294743331923172,COMPLETE,f1
0,lightgbm,15,0.5245764836106698,COMPLETE,f1
0,lightgbm,16,0.4834216696682589,COMPLETE,f1
0,lightgbm,17,0.5080445552005526,COMPLETE,f1
0,lightgbm,18,0.521426547724599,COMPLETE,f1
0,lightgbm,19,0.47330036877953535,COMPLETE,f1
0,lightgbm,20,0.5170348965451718,COMPLETE,f1
0,lightgbm,21,0.5153660251418144,COMPLETE,f1
0,lightgbm,22,0.51346440159409,COMPLETE,f1
0,lightgbm,23,0.5183720814482468,COMPLETE,f1
0,lightgbm,24,0.5167720145063307,COMPLETE,f1
0,random_forest,0,0.28482857539443857,COMPLETE,f1
0,random_forest,1,0.43364381496503906,COMPLETE,f1
0,random_forest,2,0.39056226297976243,COMPLETE,f1
0,random_forest,3,0.4136701625332357,COMPLETE,f1
0,random_forest,4,0.4615142417980696,COMPLETE,f1
0,random_forest,5,0.4759437177503741,COMPLETE,f1
0,random_forest,6,0.3707565023551073,COMPLETE,f1
0,random_forest,7,0.39246600435172,COMPLETE,f1
0,random_forest,8,0.39530251022111057,COMPLETE,f1
0,random_forest,9,0.4103441533284307,COMPLETE,f1
0,random_forest,10,0.4036203926302835,COMPLETE,f1
0,random_forest,11,0.46591150757908295,COMPLETE,f1
0,random_forest,12,0.4685326267086598,COMPLETE,f1
0,random_forest,13,0.47326703181681967,COMPLETE,f1
0,random_forest,14,0.40528154842310543,COMPLETE,f1
0,random_forest,15,0.4615903279095381,COMPLETE,f1
0,extra_trees,0,0.28482857539443857,COMPLETE,f1
0,extra_trees,1,0.40273786998146094,COMPLETE,f1
0,extra_trees,2,0.34319257439944706,COMPLETE,f1
0,extra_trees,3,0.3974071186473365,COMPLETE,f1
0,extra_trees,4,0.42983575934419277,COMPLETE,f1
0,extra_trees,5,0.37499749334058446,COMPLETE,f1
0,extra_trees,6,0.33352194987797046,COMPLETE,f1
0,extra_trees,7,0.3543939591197313,COMPLETE,f1
0,extra_trees,8,0.32030248254537613,COMPLETE,f1
0,extra_trees,9,0.40123939911280315,COMPLETE,f1
0,extra_trees,10,0.333175413400203,COMPLETE,f1
0,extra_trees,11,0.3454670078378262,COMPLETE,f1
0,extra_trees,12,0.4402251589798576,COMPLETE,f1
0,extra_trees,13,0.43851724664267694,COMPLETE,f1
0,extra_trees,14,0.4398103315495341,COMPLETE,f1
0,extra_trees,15,0.4414858384253401,COMPLETE,f1
0,extra_trees,16,0.45608703230937886,COMPLETE,f1
0,extra_trees,17,0.3793224624770435,COMPLETE,f1
0,extra_trees,18,0.44790023308767984,COMPLETE,f1
0,extra_trees,19,0.45714909854490887,COMPLETE,f1
0,extra_trees,20,0.4550471177794282,COMPLETE,f1
0,extra_trees,21,0.46299458906092283,COMPLETE,f1
0,extra_trees,22,0.4617560013801913,COMPLETE,f1
0,extra_trees,23,0.45647374312325883,COMPLETE,f1
0,extra_trees,24,0.45495547748084153,COMPLETE,f1
1,xgboost,0,0.42018503012180136,COMPLETE,f1
1,xgboost,1,0.4778588106875687,COMPLETE,f1
1,xgboost,2,0.4064183632800081,COMPLETE,f1
1,xgboost,3,0.28863773357444245,COMPLETE,f1
1,xgboost,4,0.37561132647329837,COMPLETE,f1
1,xgboost,5,0.39643041559320924,COMPLETE,f1
1,xgboost,6,0.28863773357444245,COMPLETE,f1
1,xgboost,7,0.3918988852719297,COMPLETE,f1
1,xgboost,8,0.38055143749266823,COMPLETE,f1
1,xgboost,9,0.28863773357444245,COMPLETE,f1
1,xgboost,10,0.47481627091937767,COMPLETE,f1
1,xgboost,11,0.4742070023073821,COMPLETE,f1
1,xgboost,12,0.46743325241792183,COMPLETE,f1
1,xgboost,13,0.4633971492203222,COMPLETE,f1
1,xgboost,14,0.45899771118592625,COMPLETE,f1
1,lightgbm,0,0.42447330698576047,COMPLETE,f1
1,lightgbm,1,0.28863773357444245,COMPLETE,f1
1,lightgbm,2,0.38562935846127516,COMPLETE,f1
1,lightgbm,3,0.3015890305502063,COMPLETE,f1
1,lightgbm,4,0.4434537754950139,COMPLETE,f1
1,lightgbm,5,0.28863773357444245,COMPLETE,f1
1,lightgbm,6,0.45062459247057207,COMPLETE,f1
1,lightgbm,7,0.28863773357444245,COMPLETE,f1
1,lightgbm,8,0.28863773357444245,COMPLETE,f1
1,lightgbm,9,0.3974166434672341,COMPLETE,f1
1,lightgbm,10,0.38109483909731817,COMPLETE,f1
1,lightgbm,11,0.4527731957867606,COMPLETE,f1
1,lightgbm,12,0.4389791139016917,COMPLETE,f1
1,lightgbm,13,0.44397259325133404,COMPLETE,f1
1,lightgbm,14,0.45039537421421727,COMPLETE,f1
1,lightgbm,15,0.44092828784465615,COMPLETE,f1
1,lightgbm,16,0.45167981763809956,COMPLETE,f1
1,lightgbm,17,0.4305057270899251,COMPLETE,f1
1,lightgbm,18,0.43448469428640446,COMPLETE,f1
1,lightgbm,19,0.4395085117883472,COMPLETE,f1
1,lightgbm,20,0.44715883637741277,COMPLETE,f1
1,lightgbm,21,0.4436155918276165,COMPLETE,f1
1,random_forest,0,0.28863773357444245,COMPLETE,f1
1,random_forest,1,0.3766925744098109,COMPLETE,f1
1,random_forest,2,0.32930502158298913,COMPLETE,f1
1,random_forest,3,0.36957522783234875,COMPLETE,f1
1,random_forest,4,0.3909821860989066,COMPLETE,f1
1,random_forest,5,0.37409527303909124,COMPLETE,f1
1,random_forest,6,0.3311686090468943,COMPLETE,f1
1,random_forest,7,0.35358840909706135,COMPLETE,f1
1,random_forest,8,0.29918805172920687,COMPLETE,f1
1,random_forest,9,0.37077375102190574,COMPLETE,f1
1,random_forest,10,0.34155337213873654,COMPLETE,f1
1,random_forest,11,0.34375062512289434,COMPLETE,f1
1,random_forest,12,0.3971133607406208,COMPLETE,f1
1,random_forest,13,0.40247765678222064,COMPLETE,f1
1,random_forest,14,0.40072392819534647,COMPLETE,f1
1,random_forest,15,0.4026438589841202,COMPLETE,f1
1,random_forest,16,0.416844396035182,COMPLETE,f1
1,random_forest,17,0.35976309427433945,COMPLETE,f1
1,random_forest,18,0.40789121414350843,COMPLETE,f1
1,random_forest,19,0.41476879488704904,COMPLETE,f1
1,random_forest,20,0.4154128532151357,COMPLETE,f1
1,random_forest,21,0.4136797412396662,COMPLETE,f1
1,random_forest,22,0.42152915380140005,COMPLETE,f1
1,random_forest,23,0.40491487978108776,COMPLETE,f1
1,random_forest,24,0.4028363931374103,COMPLETE,f1
1,extra_trees,0,0.28863773357444245,COMPLETE,f1
1,extra_trees,1,0.3637673638327233,COMPLETE,f1
1,extra_trees,2,0.3176445905144669,COMPLETE,f1
1,extra_trees,3,0.36595897302942376,COMPLETE,f1
1,extra_trees,4,0.39312025807095585,COMPLETE,f1
1,extra_trees,5,0.3363431378225303,COMPLETE,f1
1,extra_trees,6,0.3124841140818283,COMPLETE,f1
1,extra_trees,7,0.3258502164151278,COMPLETE,f1
1,extra_trees,8,0.30592012213680586,COMPLETE,f1
1,extra_trees,9,0.3706508700203126,COMPLETE,f1
1,extra_trees,10,0.31521589306889114,COMPLETE,f1
1,extra_trees,11,0.361007162865568,COMPLETE,f1
1,extra_trees,12,0.4003475298411665,COMPLETE,f1
1,extra_trees,13,0.38870208063375294,COMPLETE,f1
1,extra_trees,14,0.4082271987043847,COMPLETE,f1
1,extra_trees,15,0.40767338879655574,COMPLETE,f1
1,extra_trees,16,0.4074135501197364,COMPLETE,f1
1,extra_trees,17,0.341321153970868,COMPLETE,f1
1,extra_trees,18,0.4067372944890532,COMPLETE,f1
1,extra_trees,19,0.39370500354003096,COMPLETE,f1
1,extra_trees,20,0.40180991822845646,COMPLETE,f1
1,extra_trees,21,0.39990460216302576,COMPLETE,f1
1,extra_trees,22,0.4074506935108219,COMPLETE,f1
1,extra_trees,23,0.4105710642255493,COMPLETE,f1
1,extra_trees,24,0.40887260670628595,COMPLETE,f1
2,xgboost,0,0.44528423065172845,COMPLETE,f1
2,xgboost,1,0.4966936128715935,COMPLETE,f1
2,xgboost,2,0.4453899552386298,COMPLETE,f1
2,xgboost,3,0.27578953977522447,COMPLETE,f1
2,xgboost,4,0.40940004549274045,COMPLETE,f1
2,xgboost,5,0.42916068416650416,COMPLETE,f1
2,xgboost,6,0.27578953977522447,COMPLETE,f1
2,xgboost,7,0.41738578329076964,COMPLETE,f1
2,xgboost,8,0.3881741047748785,COMPLETE,f1
2,xgboost,9,0.27578953977522447,COMPLETE,f1
2,xgboost,10,0.49282159025475786,COMPLETE,f1
2,xgboost,11,0.4868579758771228,COMPLETE,f1
2,xgboost,12,0.4926199051644846,COMPLETE,f1
2,xgboost,13,0.49911498052259873,COMPLETE,f1
2,xgboost,14,0.4790717008629673,COMPLETE,f1
2,xgboost,15,0.3991765328886074,COMPLETE,f1
2,xgboost,16,0.4833327472029853,COMPLETE,f1
2,xgboost,17,0.4724399711754426,COMPLETE,f1
2,xgboost,18,0.35609323457142716,COMPLETE,f1
2,xgboost,19,0.49375725285011235,COMPLETE,f1
2,xgboost,20,0.46065284806796236,COMPLETE,f1
2,xgboost,21,0.49775968257734865,COMPLETE,f1
2,xgboost,22,0.49846017833215317,COMPLETE,f1
2,xgboost,23,0.4832684382940678,COMPLETE,f1
2,lightgbm,0,0.45936870584096984,COMPLETE,f1
2,lightgbm,1,0.27578953977522447,COMPLETE,f1
2,lightgbm,2,0.3961472647447706,COMPLETE,f1
2,lightgbm,3,0.284351355971556,COMPLETE,f1
2,lightgbm,4,0.4776564574036719,COMPLETE,f1
2,lightgbm,5,0.27578953977522447,COMPLETE,f1
2,lightgbm,6,0.47881279015081485,COMPLETE,f1
2,lightgbm,7,0.27578953977522447,COMPLETE,f1
2,lightgbm,8,0.27578953977522447,COMPLETE,f1
2,lightgbm,9,0.44322882862861984,COMPLETE,f1
2,lightgbm,10,0.4142506891855491,COMPLETE,f1
2,lightgbm,11,0.47580897696870644,COMPLETE,f1
2,lightgbm,12,0.4716437612941054,COMPLETE,f1
2,lightgbm,13,0.4770409298839307,COMPLETE,f1
2,lightgbm,14,0.47541551703889745,COMPLETE,f1
2,lightgbm,15,0.4679890437100698,COMPLETE,f1
2,lightgbm,16,0.4651431632045802,COMPLETE,f1
2,random_forest,0,0.27578953977522447,COMPLETE,f1
2,random_forest,1,0.3912863559844049,COMPLETE,f1
2,random_forest,2,0.32265002045257624,COMPLETE,f1
2,random_forest,3,0.3808712818876012,COMPLETE,f1
2,random_forest,4,0.4124506299426307,COMPLETE,f1
2,random_forest,5,0.33184632767919026,COMPLETE,f1
2,random_forest,6,0.3333663891202449,COMPLETE,f1
2,random_forest,7,0.3560463099829423,COMPLETE,f1
2,random_forest,8,0.27578953977522447,COMPLETE,f1
2,random_forest,9,0.3822268001261923,COMPLETE,f1
2,random_forest,10,0.3418212770268417,COMPLETE,f1
2,random_forest,11,0.3512525295329425,COMPLETE,f1
2,random_forest,12,0.4255881667002837,COMPLETE,f1
2,random_forest,13,0.42683807874753016,COMPLETE,f1
2,random_forest,14,0.42710909506695655,COMPLETE,f1
2,random_forest,15,0.4308273652709465,COMPLETE,f1
2,random_forest,16,0.4405173004227489,COMPLETE,f1
2,random_forest,17,0.3648254055744187,COMPLETE,f1
2,random_forest,18,0.433558066446656,COMPLETE,f1
2,random_forest,19,0.44532497482336764,COMPLETE,f1
2,random_forest,20,0.43858392843598454,COMPLETE,f1
2,random_forest,21,0.43880293268825116,COMPLETE,f1
2,random_forest,22,0.4430936669831291,COMPLETE,f1
2,random_forest,23,0.4362244382504539,COMPLETE,f1
2,random_forest,24,0.4314030615329811,COMPLETE,f1
2,extra_trees,0,0.27578953977522447,COMPLETE,f1
2,extra_trees,1,0.3510637118222713,COMPLETE,f1
2,extra_trees,2,0.3113725051406936,COMPLETE,f1
2,extra_trees,3,0.35814490617356265,COMPLETE,f1
2,extra_trees,4,0.38876107285616346,COMPLETE,f1
2,extra_trees,5,0.32993336235496545,COMPLETE,f1
2,extra_trees,6,0.30781621563299905,COMPLETE,f1
2,extra_trees,7,0.32143851071636204,COMPLETE,f1
2,extra_trees,8,0.29579153451439527,COMPLETE,f1
2,extra_trees,9,0.3661740285516006,COMPLETE,f1
2,extra_trees,10,0.29604892585015535,COMPLETE,f1
2,extra_trees,11,0.35640365511210587,COMPLETE,f1
2,extra_trees,12,0.4022418423423537,COMPLETE,f1
2,extra_trees,13,0.39334743727125815,COMPLETE,f1
2,extra_trees,14,0.4088356404980878,COMPLETE,f1
2,extra_trees,15,0.41241902556336835,COMPLETE,f1
2,extra_trees,16,0.4030535309653609,COMPLETE,f1
2,extra_trees,17,0.3275505297278001,COMPLETE,f1
2,extra_trees,18,0.4021252249279363,COMPLETE,f1
2,extra_trees,19,0.4135602681363449,COMPLETE,f1
2,extra_trees,20,0.409490451079473,COMPLETE,f1
2,extra_trees,21,0.40840671626496955,COMPLETE,f1
2,extra_trees,22,0.4129365926580611,COMPLETE,f1
2,extra_trees,23,0.40899369679991215,COMPLETE,f1
2,extra_trees,24,0.41794924206121875,COMPLETE,f1
3,xgboost,0,0.4604654337656194,COMPLETE,f1
3,xgboost,1,0.4984657170534595,COMPLETE,f1
3,xgboost,2,0.47628189457680464,COMPLETE,f1
3,xgboost,3,0.2538842526630029,COMPLETE,f1
3,xgboost,4,0.4447973186277833,COMPLETE,f1
3,xgboost,5,0.45829441179799124,COMPLETE,f1
3,xgboost,6,0.2538842526630029,COMPLETE,f1
3,xgboost,7,0.44534352809584404,COMPLETE,f1
3,xgboost,8,0.4032992521316902,COMPLETE,f1
3,xgboost,9,0.2538842526630029,COMPLETE,f1
3,xgboost,10,0.46636130700733286,COMPLETE,f1
3,xgboost,11,0.4914868469273128,COMPLETE,f1
3,xgboost,12,0.503697034762364,COMPLETE,f1
3,xgboost,13,0.48224358437324105,COMPLETE,f1
3,xgboost,14,0.4928940444838254,COMPLETE,f1
3,xgboost,15,0.38204281340404306,COMPLETE,f1
3,xgboost,16,0.47672428226407676,COMPLETE,f1
3,xgboost,17,0.4641151213740499,COMPLETE,f1
3,xgboost,18,0.4854058292509021,COMPLETE,f1
3,xgboost,19,0.29142997256645614,COMPLETE,f1
3,xgboost,20,0.477021577270809,COMPLETE,f1
3,xgboost,21,0.4899042491222272,COMPLETE,f1
3,xgboost,22,0.471977916856064,COMPLETE,f1
3,lightgbm,0,0.4713320806926707,COMPLETE,f1
3,lightgbm,1,0.2538842526630029,COMPLETE,f1
3,lightgbm,2,0.4293261690042203,COMPLETE,f1
3,lightgbm,3,0.26200676592901545,COMPLETE,f1
3,lightgbm,4,0.46436414734256265,COMPLETE,f1
3,lightgbm,5,0.2538842526630029,COMPLETE,f1
3,lightgbm,6,0.4867251814582951,COMPLETE,f1
3,lightgbm,7,0.2538842526630029,COMPLETE,f1
3,lightgbm,8,0.2538842526630029,COMPLETE,f1
3,lightgbm,9,0.46209037720675755,COMPLETE,f1
3,lightgbm,10,0.44173787140518694,COMPLETE,f1
3,lightgbm,11,0.49326069268581096,COMPLETE,f1
3,lightgbm,12,0.4858961514723976,COMPLETE,f1
3,lightgbm,13,0.47868188896144015,COMPLETE,f1
3,lightgbm,14,0.4903433561819088,COMPLETE,f1
3,lightgbm,15,0.4978766881735069,COMPLETE,f1
3,lightgbm,16,0.5008754297985912,COMPLETE,f1
3,lightgbm,17,0.49381827142731477,COMPLETE,f1
3,lightgbm,18,0.4904607961641006,COMPLETE,f1
3,lightgbm,19,0.496803249029066,COMPLETE,f1
3,lightgbm,20,0.48846792930124555,COMPLETE,f1
3,lightgbm,21,0.492635527029893,COMPLETE,f1
3,lightgbm,22,0.44585681144629596,COMPLETE,f1
3,lightgbm,23,0.48572961584214003,COMPLETE,f1
3,lightgbm,24,0.5000522687632433,COMPLETE,f1
3,random_forest,0,0.2538842526630029,COMPLETE,f1
3,random_forest,1,0.40370449993718555,COMPLETE,f1
3,random_forest,2,0.2956806603805922,COMPLETE,f1
3,random_forest,3,0.37994086904539376,COMPLETE,f1
3,random_forest,4,0.4206840440771918,COMPLETE,f1
3,random_forest,5,0.31566428319598466,COMPLETE,f1
3,random_forest,6,0.3180244457588585,COMPLETE,f1
3,random_forest,7,0.34512144108294757,COMPLETE,f1
3,random_forest,8,0.2538842526630029,COMPLETE,f1
3,random_forest,9,0.3741947431640226,COMPLETE,f1
3,random_forest,10,0.34996467487669464,COMPLETE,f1
3,random_forest,11,0.34073670929067695,COMPLETE,f1
3,random_forest,12,0.43378976069608255,COMPLETE,f1
3,random_forest,13,0.43651663902152177,COMPLETE,f1
3,random_forest,14,0.43230472623263033,COMPLETE,f1
3,random_forest,15,0.43782736975178155,COMPLETE,f1
3,random_forest,16,0.4567563456311743,COMPLETE,f1
3,random_forest,17,0.37190133744864906,COMPLETE,f1
3,random_forest,18,0.45519518766595474,COMPLETE,f1
3,random_forest,19,0.45135069462125593,COMPLETE,f1
3,random_forest,20,0.4435141155929321,COMPLETE,f1
3,random_forest,21,0.4449653886739536,COMPLETE,f1
3,random_forest,22,0.4485972728897522,COMPLETE,f1
3,random_forest,23,0.4498705819674931,COMPLETE,f1
3,random_forest,24,0.4441567798596051,COMPLETE,f1
3,extra_trees,0,0.2538842526630029,COMPLETE,f1
3,extra_trees,1,0.33555682837565043,COMPLETE,f1
3,extra_trees,2,0.2856807051127466,COMPLETE,f1
3,extra_trees,3,0.34195516855048474,COMPLETE,f1
3,extra_trees,4,0.38062391281203606,COMPLETE,f1
3,extra_trees,5,0.29987397452545683,COMPLETE,f1
3,extra_trees,6,0.2822838457994529,COMPLETE,f1
3,extra_trees,7,0.296551173267758,COMPLETE,f1
3,extra_trees,8,0.27281633222733276,COMPLETE,f1
3,extra_trees,9,0.3543341631209646,COMPLETE,f1
3,extra_trees,10,0.2804430051872441,COMPLETE,f1
3,extra_trees,11,0.3459525247494972,COMPLETE,f1
3,extra_trees,12,0.3976815747045765,COMPLETE,f1
3,extra_trees,13,0.37665030577892117,COMPLETE,f1
3,extra_trees,14,0.42306845817466804,COMPLETE,f1
3,extra_trees,15,0.41370656287511903,COMPLETE,f1
3,extra_trees,16,0.41004498552072993,COMPLETE,f1
3,extra_trees,17,0.2991470148974919,COMPLETE,f1
3,extra_trees,18,0.42272575806502516,COMPLETE,f1
3,extra_trees,19,0.4238178010473517,COMPLETE,f1
3,extra_trees,20,0.41381677508611586,COMPLETE,f1
3,extra_trees,21,0.42453106545081604,COMPLETE,f1
3,extra_trees,22,0.42989007481529556,COMPLETE,f1
3,extra_trees,23,0.4337055267696636,COMPLETE,f1
3,extra_trees,24,0.42347328410309437,COMPLETE,f1
4,xgboost,0,0.5070747915579547,COMPLETE,f1
4,xgboost,1,0.5249971521026041,COMPLETE,f1
4,xgboost,2,0.5236161151613375,COMPLETE,f1
4,xgboost,3,0.23104615549943583,COMPLETE,f1
4,xgboost,4,0.5098243685158551,COMPLETE,f1
4,xgboost,5,0.5179360602134985,COMPLETE,f1
4,xgboost,6,0.23104615549943583,COMPLETE,f1
4,xgboost,7,0.5089761224141904,COMPLETE,f1
4,xgboost,8,0.47068923100434823,COMPLETE,f1
4,xgboost,9,0.23104615549943583,COMPLETE,f1
4,xgboost,10,0.5224955263141525,COMPLETE,f1
4,xgboost,11,0.5228550438661124,COMPLETE,f1
4,xgboost,12,0.42915757738405785,COMPLETE,f1
4,xgboost,13,0.5271692614888499,COMPLETE,f1
4,xgboost,14,0.5379434213900233,COMPLETE,f1
4,xgboost,15,0.5300297133363042,COMPLETE,f1
4,xgboost,16,0.5298301306787289,COMPLETE,f1
4,xgboost,17,0.2713904455105756,COMPLETE,f1
4,xgboost,18,0.521223904448152,COMPLETE,f1
4,xgboost,19,0.5253021530566464,COMPLETE,f1
4,xgboost,20,0.3403118292945702,COMPLETE,f1
4,xgboost,21,0.5199578055140478,COMPLETE,f1
4,xgboost,22,0.5178727134405933,COMPLETE,f1
4,xgboost,23,0.5271851177558368,COMPLETE,f1
4,xgboost,24,0.47523205446657896,COMPLETE,f1
4,lightgbm,0,0.5153092556341511,COMPLETE,f1
4,lightgbm,1,0.23104615549943583,COMPLETE,f1
4,lightgbm,2,0.4962557408904864,COMPLETE,f1
4,lightgbm,3,0.266747326104391,COMPLETE,f1
4,lightgbm,4,0.5000899357945533,COMPLETE,f1
4,lightgbm,5,0.23104615549943583,COMPLETE,f1
4,lightgbm,6,0.516238618380542,COMPLETE,f1
4,lightgbm,7,0.23104615549943583,COMPLETE,f1
4,lightgbm,8,0.23104615549943583,COMPLETE,f1
4,lightgbm,9,0.5169407752643099,COMPLETE,f1
4,lightgbm,10,0.5321491465225353,COMPLETE,f1
4,lightgbm,11,0.5374415297908856,COMPLETE,f1
4,lightgbm,12,0.528641681950513,COMPLETE,f1
4,lightgbm,13,0.5334797858316098,COMPLETE,f1
4,lightgbm,14,0.5094335115875138,COMPLETE,f1
4,lightgbm,15,0.5333116846600027,COMPLETE,f1
4,lightgbm,16,0.5315681184299551,COMPLETE,f1
4,lightgbm,17,0.5202817035669559,COMPLETE,f1
4,lightgbm,18,0.5103256519804266,COMPLETE,f1
4,lightgbm,19,0.5039203145567517,COMPLETE,f1
4,lightgbm,20,0.5366103428721413,COMPLETE,f1
4,lightgbm,21,0.5350107608706592,COMPLETE,f1
4,random_forest,0,0.23104615549943583,COMPLETE,f1
4,random_forest,1,0.43741016126371407,COMPLETE,f1
4,random_forest,2,0.31287052532485116,COMPLETE,f1
4,random_forest,3,0.4251976007050626,COMPLETE,f1
4,random_forest,4,0.47970607749833577,COMPLETE,f1
4,random_forest,5,0.3495046243801259,COMPLETE,f1
4,random_forest,6,0.3461428009940392,COMPLETE,f1
4,random_forest,7,0.3873636058226719,COMPLETE,f1
4,random_forest,8,0.23104615549943583,COMPLETE,f1
4,random_forest,9,0.4270517189896517,COMPLETE,f1
4,random_forest,10,0.36545260029374277,COMPLETE,f1
4,random_forest,11,0.3692510429579099,COMPLETE,f1
4,random_forest,12,0.4792419658650098,COMPLETE,f1
4,random_forest,13,0.4852169917496388,COMPLETE,f1
4,random_forest,14,0.4910423897974899,COMPLETE,f1
4,random_forest,15,0.4935608320404184,COMPLETE,f1
4,random_forest,16,0.49256497007823846,COMPLETE,f1
4,random_forest,17,0.41623121373132893,COMPLETE,f1
4,random_forest,18,0.49375448523899035,COMPLETE,f1
4,random_forest,19,0.4874311129846418,COMPLETE,f1
4,random_forest,20,0.4717136489440603,COMPLETE,f1
4,random_forest,21,0.4919610707870176,COMPLETE,f1
4,random_forest,22,0.4871912186645599,COMPLETE,f1
4,random_forest,23,0.4902802111011635,COMPLETE,f1
4,random_forest,24,0.4904841471394359,COMPLETE,f1
4,extra_trees,0,0.23104615549943583,COMPLETE,f1
4,extra_trees,1,0.3468301104610198,COMPLETE,f1
4,extra_trees,2,0.27349974594486626,COMPLETE,f1
4,extra_trees,3,0.36960690069508706,COMPLETE,f1
4,extra_trees,4,0.4170524091339837,COMPLETE,f1
4,extra_trees,5,0.2920775249203127,COMPLETE,f1
4,extra_trees,6,0.2824284266387712,COMPLETE,f1
4,extra_trees,7,0.30575744902993596,COMPLETE,f1
4,extra_trees,8,0.25395112309984397,COMPLETE,f1
4,extra_trees,9,0.3842017122722084,COMPLETE,f1
4,extra_trees,10,0.266056170060023,COMPLETE,f1
4,extra_trees,11,0.3800296690912921,COMPLETE,f1
4,extra_trees,12,0.4309689563851613,COMPLETE,f1
4,extra_trees,13,0.4090745614332721,COMPLETE,f1
4,extra_trees,14,0.45309934372630933,COMPLETE,f1
4,extra_trees,15,0.43715289403387153,COMPLETE,f1
4,extra_trees,16,0.4386281991621095,COMPLETE,f1
4,extra_trees,17,0.3070690937587199,COMPLETE,f1
4,extra_trees,18,0.4520116214495687,COMPLETE,f1
4,extra_trees,19,0.4488903363402023,COMPLETE,f1
4,extra_trees,20,0.45228199176960665,COMPLETE,f1
4,extra_trees,21,0.4515810838144842,COMPLETE,f1
4,extra_trees,22,0.4515292887650521,COMPLETE,f1
4,extra_trees,23,0.457886362654226,COMPLETE,f1
4,extra_trees,24,0.453018357299392,COMPLETE,f1
5,xgboost,0,0.502439157829374,COMPLETE,f1
5,xgboost,1,0.49019068514704567,COMPLETE,f1
5,xgboost,2,0.530575745184881,COMPLETE,f1
5,xgboost,3,0.2382528355224601,COMPLETE,f1
5,xgboost,4,0.49801369882820246,COMPLETE,f1
5,xgboost,5,0.5083538447059883,COMPLETE,f1
5,xgboost,6,0.2382528355224601,COMPLETE,f1
5,xgboost,7,0.5000780123398132,COMPLETE,f1
5,xgboost,8,0.46337801339231594,COMPLETE,f1
5,xgboost,9,0.2382528355224601,COMPLETE,f1
5,xgboost,10,0.4512392658176803,COMPLETE,f1
5,xgboost,11,0.4931402899620095,COMPLETE,f1
5,xgboost,12,0.25092939435791095,COMPLETE,f1
5,xgboost,13,0.4787678243758338,COMPLETE,f1
5,xgboost,14,0.52641980721161,COMPLETE,f1
5,lightgbm,0,0.5089073107464165,COMPLETE,f1
5,lightgbm,1,0.2382528355224601,COMPLETE,f1
5,lightgbm,2,0.49751616316409075,COMPLETE,f1
5,lightgbm,3,0.28057011383825964,COMPLETE,f1
5,lightgbm,4,0.49072121790415163,COMPLETE,f1
5,lightgbm,5,0.2382528355224601,COMPLETE,f1
5,lightgbm,6,0.4999314261651953,COMPLETE,f1
5,lightgbm,7,0.2382528355224601,COMPLETE,f1
5,lightgbm,8,0.2382528355224601,COMPLETE,f1
5,lightgbm,9,0.5114691892827966,COMPLETE,f1
5,lightgbm,10,0.5243720822593878,COMPLETE,f1
5,lightgbm,11,0.5304113705694441,COMPLETE,f1
5,lightgbm,12,0.5155811151946498,COMPLETE,f1
5,lightgbm,13,0.5228487858876085,COMPLETE,f1
5,lightgbm,14,0.523631068066433,COMPLETE,f1
5,lightgbm,15,0.49062968797386525,COMPLETE,f1
5,lightgbm,16,0.5072599598226697,COMPLETE,f1
5,lightgbm,17,0.5200709999605153,COMPLETE,f1
5,lightgbm,18,0.5150006349767957,COMPLETE,f1
5,lightgbm,19,0.5291429611305026,COMPLETE,f1
5,lightgbm,20,0.5093273321152306,COMPLETE,f1
5,lightgbm,21,0.5260457814547596,COMPLETE,f1
5,random_forest,0,0.2382528355224601,COMPLETE,f1
5,random_forest,1,0.4514289819181005,COMPLETE,f1
5,random_forest,2,0.34238591277630476,COMPLETE,f1
5,random_forest,3,0.44119237120732285,COMPLETE,f1
5,random_forest,4,0.48996324544398157,COMPLETE,f1
5,random_forest,5,0.3801564232377946,COMPLETE,f1
5,random_forest,6,0.3584959692430551,COMPLETE,f1
5,random_forest,7,0.40366526887740406,COMPLETE,f1
5,random_forest,8,0.2382528355224601,COMPLETE,f1
5,random_forest,9,0.4446945299969986,COMPLETE,f1
5,random_forest,10,0.36387533686809603,COMPLETE,f1
5,random_forest,11,0.37835540449921296,COMPLETE,f1
5,random_forest,12,0.4936485647726417,COMPLETE,f1
5,random_forest,13,0.4975679337767709,COMPLETE,f1
5,random_forest,14,0.4924265777941033,COMPLETE,f1
5,random_forest,15,0.4996809857284465,COMPLETE,f1
5,random_forest,16,0.45861125696974997,COMPLETE,f1
5,random_forest,17,0.4047798039180275,COMPLETE,f1
5,random_forest,18,0.5036766825210965,COMPLETE,f1
5,random_forest,19,0.5044723766478166,COMPLETE,f1
5,random_forest,20,0.4564300059950626,COMPLETE,f1
5,random_forest,21,0.4995896012669787,COMPLETE,f1
5,random_forest,22,0.5005915543123537,COMPLETE,f1
5,random_forest,23,0.49243296361179656,COMPLETE,f1
5,random_forest,24,0.501248444669303,COMPLETE,f1
5,extra_trees,0,0.2382528355224601,COMPLETE,f1
5,extra_trees,1,0.34741513541060526,COMPLETE,f1
5,extra_trees,2,0.27764245316681474,COMPLETE,f1
5,extra_trees,3,0.36834277791877335,COMPLETE,f1
5,extra_trees,4,0.4237025059130269,COMPLETE,f1
5,extra_trees,5,0.3109692019921222,COMPLETE,f1
5,extra_trees,6,0.2807712194414554,COMPLETE,f1
5,extra_trees,7,0.29877996244255084,COMPLETE,f1
5,extra_trees,8,0.25864632069265675,COMPLETE,f1
5,extra_trees,9,0.38199117824362455,COMPLETE,f1
5,extra_trees,10,0.2754535115484969,COMPLETE,f1
5,extra_trees,11,0.36473441821652125,COMPLETE,f1
5,extra_trees,12,0.4339885616333594,COMPLETE,f1
5,extra_trees,13,0.413058385495017,COMPLETE,f1
5,extra_trees,14,0.45578197149813776,COMPLETE,f1
5,extra_trees,15,0.44141682574313945,COMPLETE,f1
5,extra_trees,16,0.44621751566040935,COMPLETE,f1
5,extra_trees,17,0.2944316822917773,COMPLETE,f1
5,extra_trees,18,0.45717759265071284,COMPLETE,f1
5,extra_trees,19,0.45492916008851925,COMPLETE,f1
5,extra_trees,20,0.46045493490654893,COMPLETE,f1
5,extra_trees,21,0.45834369880821696,COMPLETE,f1
5,extra_trees,22,0.45883523735756465,COMPLETE,f1
5,extra_trees,23,0.45936068516259493,COMPLETE,f1
5,extra_trees,24,0.46091161451442625,COMPLETE,f1
